UniqueRecruitID,TileID,Cross,Date,RecruitID,Location,ClusterPre,Tank,Survivorship,ClusterPost
1001_1,1001,FF,4/04/2020,1,FaceA,N,CBS,1,0
1005_1,1005,FF,5/02/2020,1,FaceB,N,MOS9,0,NA
1005_2,1005,FF,5/02/2020,2,FaceB,N,MOS9,0,NA
1005_3,1005,FF,5/02/2020,3,FaceB,N,MOS9,0,NA
1005_4,1005,FF,5/02/2020,4,FaceB,N,MOS9,0,NA
1005_5,1005,FF,5/02/2020,5,FaceB,N,MOS9,0,NA
1005_6,1005,FF,5/02/2020,6,FaceB,N,MOS9,0,NA
1005_7,1005,FF,5/02/2020,7,FaceB,N,MOS9,0,NA
1005_8,1005,FF,5/02/2020,8,FaceB,N,MOS9,0,NA
1006_1,1006,FF,5/02/2020,1,FaceB,N,MOS9,0,NA
1006_2,1006,FF,5/02/2020,2,FaceB,N,MOS9,0,NA
1006_3,1006,FF,5/02/2020,3,FaceB,N,MOS9,0,NA
1007_1,1007,FF,6/02/2020,1,FaceB,N,MOS9,0,NA
1007_2,1007,FF,6/02/2020,2,FaceB,N,MOS9,0,NA
1007_3,1007,FF,6/02/2020,3,FaceB,N,MOS9,0,NA
1007_4,1007,FF,6/02/2020,4,FaceB,Y,MOS9,0,NA
1007_5,1007,FF,6/02/2020,5,FaceB,N,MOS9,0,NA
1007_6,1007,FF,6/02/2020,6,FaceB,N,MOS9,0,NA
1007_7,1007,FF,6/02/2020,7,FaceB,N,MOS9,0,NA
1007_8,1007,FF,6/02/2020,8,FaceB,N,MOS9,0,NA
1007_9,1007,FF,6/02/2020,9,FaceB,N,MOS9,0,NA
1007_10,1007,FF,6/02/2020,10,FaceB,N,MOS9,0,NA
1007_11,1007,FF,6/02/2020,11,FaceB,N,MOS9,0,NA
1007_12,1007,FF,6/02/2020,12,FaceB,N,MOS9,0,NA
1007_13,1007,FF,6/02/2020,13,FaceB,N,MOS9,0,NA
1007_14,1007,FF,6/02/2020,14,FaceB,N,MOS9,0,NA
1008_1,1008,FF,4/02/2020,1,FaceB,N,CBS,0,NA
1009_1,1009,FF,4/02/2020,1,FaceB,N,CBS,0,NA
1010_1,1010,FF,4/03/2020,1,FaceA,N,CBS,0,NA
1010_2,1010,FF,4/03/2020,2,FaceA,N,CBS,0,NA
1010_3,1010,FF,4/03/2020,3,FaceA,N,CBS,0,NA
1010_4,1010,FF,4/03/2020,4,FaceB,N,CBS,0,NA
1013_1,1013,FF,30/01/2020,1,FaceB,N,SUMP,0,NA
1013_2,1013,FF,30/01/2020,2,FaceB,N,SUMP,0,NA
1013_3,1013,FF,30/01/2020,3,FaceB,N,SUMP,0,NA
1013_4,1013,FF,30/01/2020,4,FaceB,N,SUMP,0,NA
1013_5,1013,FF,30/01/2020,5,FaceB,N,SUMP,0,NA
1013_6,1013,FF,30/01/2020,6,FaceB,N,SUMP,0,NA
1013_7,1013,FF,30/01/2020,7,FaceB,N,SUMP,0,NA
1013_8,1013,FF,30/01/2020,8,FaceB,N,SUMP,0,NA
1013_9,1013,FF,30/01/2020,9,FaceB,N,SUMP,0,NA
1015_1,1015,FF,30/01/2020,1,FaceB,N,SUMP,0,NA
1015_2,1015,FF,30/01/2020,2,FaceB,N,SUMP,0,NA
1016_1,1016,FF,6/02/2020,1,FaceA,N,MOS9,0,NA
1016_2,1016,FF,6/02/2020,2,FaceA,N,MOS9,0,NA
1016_3,1016,FF,6/02/2020,3,FaceA,N,MOS9,0,NA
1016_4,1016,FF,6/02/2020,4,FaceA,N,MOS9,0,NA
1016_5,1016,FF,6/02/2020,5,FaceA,N,MOS9,0,NA
1016_6,1016,FF,6/02/2020,6,FaceA,N,MOS9,0,NA
1016_7,1016,FF,6/02/2020,7,FaceA,N,MOS9,0,NA
1016_8,1016,FF,6/02/2020,8,FaceA,N,MOS9,0,NA
1016_9,1016,FF,6/02/2020,9,FaceA,N,MOS9,0,NA
1016_10,1016,FF,6/02/2020,10,FaceA,N,MOS9,0,NA
1016_11,1016,FF,6/02/2020,11,FaceA,N,MOS9,0,NA
1016_12,1016,FF,6/02/2020,12,FaceA,N,MOS9,0,NA
1016_13,1016,FF,6/02/2020,13,FaceA,N,MOS9,0,NA
1016_14,1016,FF,6/02/2020,14,FaceA,N,MOS9,0,NA
1016_15,1016,FF,6/02/2020,15,FaceA,N,MOS9,0,NA
1017_1,1017,FF,4/02/2020,1,FaceA,N,CBS,1,0
1017_2,1017,FF,4/02/2020,2,FaceB,N,CBS,0,NA
1017_3,1017,FF,4/02/2020,3,FaceB,N,CBS,0,NA
1018_1,1018,FF,6/02/2020,1,FaceA,N,MOS9,1,0
1018_2,1018,FF,6/02/2020,2,FaceA,N,MOS9,0,NA
1018_3,1018,FF,6/02/2020,3,FaceA,N,MOS9,0,NA
1018_4,1018,FF,6/02/2020,4,FaceA,N,MOS9,0,NA
1018_5,1018,FF,6/02/2020,5,FaceA,N,MOS9,0,NA
1018_6,1018,FF,6/02/2020,6,FaceA,N,MOS9,0,NA
1018_7,1018,FF,6/02/2020,7,FaceA,N,MOS9,0,NA
1018_8,1018,FF,6/02/2020,8,FaceA,N,MOS9,0,NA
1018_9,1018,FF,6/02/2020,9,FaceA,N,MOS9,0,NA
1018_10,1018,FF,6/02/2020,10,FaceA,N,MOS9,0,NA
1018_11,1018,FF,6/02/2020,11,FaceA,N,MOS9,0,NA
1018_12,1018,FF,6/02/2020,12,FaceA,N,MOS9,0,NA
1018_13,1018,FF,6/02/2020,13,FaceA,N,MOS9,0,NA
1019_1,1019,FF,30/01/2020,1,FaceA,N,SUMP,1,0
1019_2,1019,FF,30/01/2020,2,FaceA,N,SUMP,0,NA
1019_3,1019,FF,30/01/2020,3,FaceA,N,SUMP,0,NA
1019_4,1019,FF,30/01/2020,4,FaceA,N,SUMP,0,NA
1019_5,1019,FF,30/01/2020,5,FaceA,N,SUMP,0,NA
1019_6,1019,FF,30/01/2020,6,FaceA,N,SUMP,0,NA
1019_7,1019,FF,30/01/2020,7,FaceA,N,SUMP,0,NA
1019_8,1019,FF,30/01/2020,8,FaceA,N,SUMP,0,NA
1019_9,1019,FF,30/01/2020,9,FaceA,N,SUMP,0,NA
1019_10,1019,FF,30/01/2020,10,FaceA,N,SUMP,0,NA
1019_11,1019,FF,30/01/2020,11,FaceA,N,SUMP,0,NA
1019_12,1019,FF,30/01/2020,12,FaceA,N,SUMP,0,NA
1019_13,1019,FF,30/01/2020,13,FaceA,N,SUMP,0,NA
1019_14,1019,FF,30/01/2020,14,FaceA,N,SUMP,0,NA
1019_15,1019,FF,30/01/2020,15,FaceA,N,SUMP,0,NA
1019_16,1019,FF,30/01/2020,16,FaceA,N,SUMP,0,NA
1019_17,1019,FF,30/01/2020,17,FaceA,N,SUMP,0,NA
1019_18,1019,FF,30/01/2020,18,FaceA,N,SUMP,0,NA
1019_19,1019,FF,30/01/2020,19,FaceA,N,SUMP,0,NA
1019_20,1019,FF,30/01/2020,20,FaceA,Y,SUMP,0,NA
1101_1,1101,FF,29/01/2020,1,FaceA,N,SUMP,1,0
1101_2,1101,FF,29/01/2020,2,FaceA,N,SUMP,1,0
1101_3,1101,FF,29/01/2020,3,FaceA,N,SUMP,1,0
1102_1,1102,FF,5/02/2020,1,FaceB,N,MOS9,0,NA
1102_2,1102,FF,5/02/2020,2,FaceB,N,MOS9,0,NA
1102_3,1102,FF,5/02/2020,3,FaceB,N,MOS9,0,NA
1102_4,1102,FF,5/02/2020,4,FaceB,N,MOS9,0,NA
1102_5,1102,FF,5/02/2020,5,FaceB,N,MOS9,0,NA
1102_6,1102,FF,5/02/2020,6,FaceB,N,MOS9,0,NA
1104_1,1104,FF,5/02/2020,1,FaceA,N,MOS9,1,0
1104_2,1104,FF,5/02/2020,2,FaceB,N,MOS9,0,NA
1104_3,1104,FF,5/02/2020,3,FaceB,N,MOS9,0,NA
1104_4,1104,FF,5/02/2020,4,FaceB,N,MOS9,0,NA
1104_5,1104,FF,5/02/2020,5,FaceB,N,MOS9,0,NA
1104_6,1104,FF,5/02/2020,6,FaceB,N,MOS9,0,NA
1104_7,1104,FF,5/02/2020,7,FaceB,N,MOS9,0,NA
1104_8,1104,FF,5/02/2020,8,FaceB,N,MOS9,0,NA
1104_9,1104,FF,5/02/2020,9,FaceB,N,MOS9,0,NA
1104_10,1104,FF,5/02/2020,10,FaceB,N,MOS9,0,NA
1104_11,1104,FF,5/02/2020,11,FaceB,N,MOS9,0,NA
1104_12,1104,FF,5/02/2020,12,FaceB,N,MOS9,0,NA
1104_13,1104,FF,5/02/2020,13,Side2,N,MOS9,0,NA
1104_14,1104,FF,5/02/2020,14,Side2,N,MOS9,0,NA
1104_15,1104,FF,5/02/2020,15,Side2,N,MOS9,0,NA
1104_16,1104,FF,5/02/2020,16,Side2,N,MOS9,0,NA
1104_17,1104,FF,5/02/2020,17,Side2,N,MOS9,0,NA
1104_18,1104,FF,5/02/2020,18,Side2,N,MOS9,0,NA
1104_19,1104,FF,5/02/2020,19,Side2,N,MOS9,0,NA
1104_20,1104,FF,5/02/2020,20,Side2,N,MOS9,0,NA
1104_21,1104,FF,5/02/2020,21,Side2,N,MOS9,0,NA
1104_22,1104,FF,5/02/2020,22,Side2,N,MOS9,0,NA
1104_23,1104,FF,5/02/2020,23,Side2,N,MOS9,0,NA
1104_24,1104,FF,5/02/2020,24,Side2,N,MOS9,0,NA
1104_25,1104,FF,5/02/2020,25,Side2,N,MOS9,0,NA
1109_1,1109,FF,29/01/2020,1,FaceB,N,SUMP,1,0
1109_2,1109,FF,29/01/2020,2,FaceB,N,SUMP,0,NA
1109_3,1109,FF,29/01/2020,3,FaceB,N,SUMP,0,NA
1113_1,1113,FF,3/02/2020,1,FaceB,N,CBS,1,0
1113_2,1113,FF,3/02/2020,2,FaceB,N,CBS,0,NA
1114_1,1114,FF,3/02/2020,1,FaceB,N,CBS,0,NA
1121_1,1121,FF,26/02/2020,1,FaceA,N,CBS,0,NA
1121_2,1121,FF,26/02/2020,2,FaceA,N,CBS,0,NA
1121_3,1121,FF,26/02/2020,3,FaceA,N,CBS,0,NA
1121_4,1121,FF,26/02/2020,4,FaceB,N,CBS,0,NA
1121_5,1121,FF,26/02/2020,5,FaceB,N,CBS,0,NA
1135_1,1135,FF,26/02/2020,1,FaceB,N,CBS,0,NA
1136_1,1136,FF,26/02/2020,1,FaceA,N,CBS,1,0
1151_1,1151,FF,26/02/2020,1,FaceA,N,CBS,1,0
1161_1,1161,FF,26/02/2020,1,FaceA,N,CBS,0,NA
1192_1,1192,FF,26/02/2020,1,FaceB,N,CBS,0,NA
1194_1,1194,FF,26/02/2020,1,FaceB,N,CBS,0,NA
1194_2,1194,FF,26/02/2020,2,FaceB,N,CBS,0,NA
1194_3,1194,FF,26/02/2020,3,FaceB,N,CBS,0,NA
1196_1,1196,FF,26/02/2020,1,FaceA,N,CBS,0,NA
1196_2,1196,FF,26/02/2020,2,FaceA,N,CBS,0,NA
1196_3,1196,FF,26/02/2020,3,FaceA,N,CBS,0,NA
1201_1,1201,FS,7/02/2020,1,FaceB,N,MOS9,0,NA
1201_2,1201,FS,7/02/2020,2,FaceB,N,MOS9,0,NA
1201_3,1201,FS,7/02/2020,3,FaceB,N,MOS9,0,NA
1201_4,1201,FS,7/02/2020,4,FaceB,N,MOS9,0,NA
1201_5,1201,FS,7/02/2020,5,FaceB,N,MOS9,0,NA
1201_6,1201,FS,7/02/2020,6,FaceB,N,MOS9,0,NA
1201_7,1201,FS,7/02/2020,7,FaceB,N,MOS9,0,NA
1201_8,1201,FS,7/02/2020,8,FaceB,N,MOS9,0,NA
1201_9,1201,FS,7/02/2020,9,FaceB,N,MOS9,0,NA
1201_10,1201,FS,7/02/2020,10,FaceB,N,MOS9,0,NA
1201_11,1201,FS,7/02/2020,11,FaceB,N,MOS9,0,NA
1201_12,1201,FS,7/02/2020,12,FaceB,N,MOS9,0,NA
1201_13,1201,FS,7/02/2020,13,FaceB,N,MOS9,0,NA
1201_14,1201,FS,7/02/2020,14,FaceB,N,MOS9,0,NA
1201_15,1201,FS,7/02/2020,15,FaceB,N,MOS9,0,NA
1201_16,1201,FS,7/02/2020,16,FaceB,N,MOS9,0,NA
1201_17,1201,FS,7/02/2020,17,FaceB,N,MOS9,0,NA
1201_18,1201,FS,7/02/2020,18,FaceB,N,MOS9,0,NA
1201_19,1201,FS,7/02/2020,19,FaceB,N,MOS9,0,NA
1201_20,1201,FS,7/02/2020,20,FaceB,Y,MOS9,0,NA
1203_1,1203,FS,6/02/2020,1,FaceB,N,MOS9,0,NA
1203_2,1203,FS,6/02/2020,2,FaceB,N,MOS9,0,NA
1203_3,1203,FS,6/02/2020,3,FaceB,N,MOS9,0,NA
1204_1,1204,FS,3/02/2020,1,FaceA,N,CBS,1,0
1204_2,1204,FS,3/02/2020,2,FaceB,N,CBS,1,0
1204_3,1204,FS,3/02/2020,3,FaceB,N,CBS,1,0
1204_4,1204,FS,3/02/2020,4,FaceB,N,CBS,1,0
1206_1,1206,FS,7/02/2020,1,FaceB,N,MOS9,0,NA
1206_2,1206,FS,7/02/2020,2,FaceB,N,MOS9,0,NA
1208_1,1208,FS,7/02/2020,1,FaceA,N,MOS9,0,NA
1208_2,1208,FS,7/02/2020,2,FaceA,N,MOS9,0,NA
1208_3,1208,FS,7/02/2020,3,FaceA,N,MOS9,0,NA
1208_4,1208,FS,7/02/2020,4,FaceA,N,MOS9,0,NA
1208_5,1208,FS,7/02/2020,5,FaceA,N,MOS9,0,NA
1208_6,1208,FS,7/02/2020,6,FaceA,N,MOS9,0,NA
1208_7,1208,FS,7/02/2020,7,FaceA,N,MOS9,0,NA
1209_1,1209,FS,3/02/2020,1,FaceB,N,CBS,1,0
1209_2,1209,FS,3/02/2020,2,FaceB,N,CBS,1,0
1209_3,1209,FS,3/02/2020,3,FaceB,N,CBS,0,NA
1209_4,1209,FS,3/02/2020,4,FaceB,N,CBS,0,NA
1211_1,1211,FS,3/02/2020,1,FaceB,N,CBS,1,0
1211_2,1211,FS,3/02/2020,2,FaceB,N,CBS,1,1
1211_3,1211,FS,3/02/2020,3,FaceB,N,CBS,1,0
1212_1,1212,FS,5/02/2020,1,FaceA,N,MOS9,1,0
1212_2,1212,FS,5/02/2020,2,FaceA,N,MOS9,0,NA
1212_3,1212,FS,5/02/2020,3,FaceA,N,MOS9,0,NA
1212_4,1212,FS,5/02/2020,4,FaceA,N,MOS9,0,NA
1212_5,1212,FS,5/02/2020,5,FaceA,N,MOS9,0,NA
1212_6,1212,FS,5/02/2020,6,FaceA,N,MOS9,0,NA
1214_1,1214,FS,3/02/2020,1,FaceA,N,CBS,1,0
1214_2,1214,FS,3/02/2020,2,FaceA,N,CBS,1,0
1214_3,1214,FS,3/02/2020,3,FaceA,N,CBS,1,0
1214_4,1214,FS,3/02/2020,4,FaceA,N,CBS,1,1
1214_5,1214,FS,3/02/2020,5,FaceA,N,CBS,1,0
1214_6,1214,FS,3/02/2020,6,FaceA,N,CBS,1,0
1216_1,1216,FS,5/02/2020,1,FaceA,N,MOS9,0,NA
1216_2,1216,FS,5/02/2020,2,FaceA,N,MOS9,0,NA
1216_3,1216,FS,5/02/2020,3,FaceA,N,MOS9,0,NA
1216_4,1216,FS,5/02/2020,4,FaceA,N,MOS9,0,NA
1216_5,1216,FS,5/02/2020,5,FaceA,N,MOS9,0,NA
1216_6,1216,FS,5/02/2020,6,FaceA,N,MOS9,0,NA
1216_7,1216,FS,5/02/2020,7,FaceA,N,MOS9,0,NA
1216_8,1216,FS,5/02/2020,8,FaceA,N,MOS9,0,NA
1216_9,1216,FS,5/02/2020,9,FaceA,N,MOS9,0,NA
1216_10,1216,FS,5/02/2020,10,FaceA,N,MOS9,0,NA
1216_11,1216,FS,5/02/2020,11,FaceA,N,MOS9,0,NA
1216_12,1216,FS,5/02/2020,12,FaceA,N,MOS9,0,NA
1216_13,1216,FS,5/02/2020,13,FaceA,N,MOS9,0,NA
1217_1,1217,FS,3/02/2020,1,FaceB,N,CBS,1,0
1217_2,1217,FS,3/02/2020,2,FaceB,N,CBS,0,NA
1217_3,1217,FS,3/02/2020,3,FaceB,N,CBS,0,NA
1217_4,1217,FS,3/02/2020,4,FaceB,N,CBS,0,NA
1217_5,1217,FS,3/02/2020,5,FaceB,N,CBS,0,NA
1218_1,1218,FS,7/02/2020,1,FaceA,N,MOS9,0,NA
1218_2,1218,FS,7/02/2020,2,FaceA,N,MOS9,0,NA
1218_3,1218,FS,7/02/2020,3,FaceA,N,MOS9,0,NA
1218_4,1218,FS,7/02/2020,4,FaceA,N,MOS9,0,NA
1218_5,1218,FS,7/02/2020,5,FaceA,N,MOS9,0,NA
1218_6,1218,FS,7/02/2020,6,FaceA,N,MOS9,0,NA
1218_7,1218,FS,7/02/2020,7,FaceA,N,MOS9,0,NA
1218_8,1218,FS,7/02/2020,8,FaceA,N,MOS9,0,NA
1218_9,1218,FS,7/02/2020,9,FaceA,N,MOS9,0,NA
1218_10,1218,FS,7/02/2020,10,FaceA,N,MOS9,0,NA
1218_11,1218,FS,7/02/2020,11,FaceA,N,MOS9,0,NA
1218_12,1218,FS,7/02/2020,12,FaceA,N,MOS9,0,NA
1220_1,1220,FS,3/02/2020,1,FaceA,N,CBS,1,0
1220_2,1220,FS,3/02/2020,2,FaceA,N,CBS,1,0
1220_3,1220,FS,3/02/2020,3,FaceA,N,CBS,0,NA
1243_1,1243,FS,19/02/2020,1,FaceB,N,SUMP,0,NA
1243_2,1243,FS,19/02/2020,2,FaceB,N,SUMP,0,NA
1243_3,1243,FS,19/02/2020,3,FaceB,N,SUMP,0,NA
1243_4,1243,FS,19/02/2020,4,FaceB,N,SUMP,0,NA
1243_5,1243,FS,19/02/2020,5,FaceB,N,SUMP,0,NA
1249_1,1249,FS,21/02/2020,1,FaceA,N,CBS,0,NA
1259_1,1259,FS,20/02/2020,1,FaceB,N,CBS,1,0
1259_2,1259,FS,20/02/2020,2,FaceB,N,CBS,1,0
1259_3,1259,FS,20/02/2020,3,FaceB,N,CBS,1,0
1259_4,1259,FS,20/02/2020,4,FaceB,N,CBS,0,NA
1260_1,1260,FS,17/02/2020,1,FaceB,N,SUMP,1,0
1260_2,1260,FS,17/02/2020,2,FaceB,N,SUMP,1,0
1260_3,1260,FS,17/02/2020,3,FaceB,N,SUMP,1,0
1260_4,1260,FS,17/02/2020,4,FaceB,N,SUMP,0,NA
1260_5,1260,FS,17/02/2020,5,FaceB,N,SUMP,0,NA
1260_6,1260,FS,17/02/2020,6,FaceB,N,SUMP,0,NA
1260_7,1260,FS,17/02/2020,7,FaceB,N,SUMP,0,NA
1260_8,1260,FS,17/02/2020,8,FaceB,N,SUMP,0,NA
1265_1,1265,FS,20/02/2020,1,FaceA,N,CBS,1,0
1265_2,1265,FS,20/02/2020,2,FaceA,N,CBS,1,0
1265_3,1265,FS,20/02/2020,3,FaceA,N,CBS,0,NA
1267_1,1267,FS,20/02/2020,1,FaceA,N,CBS,1,0
1267_2,1267,FS,20/02/2020,2,FaceA,N,CBS,0,NA
1276_1,1276,FS,17/02/2020,1,FaceA,N,SUMP,1,0
1276_2,1276,FS,17/02/2020,2,FaceA,N,SUMP,0,NA
1282_1,1282,FS,19/02/2020,1,FaceA,N,CBS,0,NA
1282_2,1282,FS,19/02/2020,2,FaceB,N,CBS,0,NA
1283_1,1283,FS,20/02/2020,1,FaceB,N,CBS,1,0
1283_2,1283,FS,20/02/2020,2,FaceB,N,CBS,1,0
1283_3,1283,FS,20/02/2020,3,FaceB,N,CBS,1,0
1283_4,1283,FS,20/02/2020,4,FaceB,N,CBS,1,0
1283_5,1283,FS,20/02/2020,5,FaceB,N,CBS,1,0
1283_6,1283,FS,20/02/2020,6,FaceB,N,CBS,0,NA
1283_7,1283,FS,20/02/2020,7,FaceB,N,CBS,0,NA
1284_1,1284,FS,17/02/2020,1,FaceA,N,SUMP,1,0
1284_2,1284,FS,17/02/2020,2,FaceA,N,SUMP,1,0
1284_3,1284,FS,17/02/2020,3,FaceA,N,SUMP,1,0
1284_4,1284,FS,17/02/2020,4,FaceA,N,SUMP,0,NA
1290_1,1290,FS,19/02/2020,1,FaceB,N,SUMP,0,NA
1290_2,1290,FS,19/02/2020,2,FaceB,N,SUMP,0,NA
1302_1,1302,FS,3/02/2020,1,FaceA,N,CBS,1,0
1311_1,1311,FS,30/01/2020,1,FaceA,N,SUMP,0,NA
1312_1,1312,FS,3/02/2020,1,FaceA,N,CBS,0,NA
1312_2,1312,FS,3/02/2020,2,FaceA,N,CBS,0,NA
1312_3,1312,FS,3/02/2020,3,Side3,N,CBS,0,NA
1318_1,1318,FS,30/01/2020,1,FaceB,N,SUMP,0,NA
1318_2,1318,FS,30/01/2020,2,FaceB,N,SUMP,0,NA
1320_1,1320,FS,3/02/2020,1,FaceA,N,CBS,1,0
1320_2,1320,FS,3/02/2020,2,FaceA,N,CBS,1,0
1320_3,1320,FS,3/02/2020,3,FaceA,N,CBS,1,0
1320_4,1320,FS,3/02/2020,4,FaceA,N,CBS,1,0
1320_5,1320,FS,3/02/2020,5,FaceA,N,CBS,1,0
1322_1,1322,FS,28/01/2020,1,FaceA,N,SUMP,1,0
1322_2,1322,FS,28/01/2020,2,FaceA,N,SUMP,1,0
1322_3,1322,FS,28/01/2020,3,FaceA,N,SUMP,1,0
1322_4,1322,FS,28/01/2020,4,FaceA,N,SUMP,0,NA
1322_5,1322,FS,28/01/2020,5,FaceA,N,SUMP,0,NA
1323_1,1323,FS,28/01/2020,1,FaceB,N,SUMP,1,0
1323_2,1323,FS,28/01/2020,2,FaceB,N,SUMP,0,NA
1323_3,1323,FS,28/01/2020,3,FaceB,N,SUMP,0,NA
1325_1,1325,FS,28/01/2020,1,FaceA,N,SUMP,1,0
1325_2,1325,FS,28/01/2020,2,FaceA,N,SUMP,1,0
1325_3,1325,FS,28/01/2020,3,FaceA,N,SUMP,1,0
1326_1,1326,FS,28/01/2020,1,FaceB,N,SUMP,0,NA
1330_1,1330,FS,18/02/2020,1,FaceA,N,SUMP,0,NA
1335_1,1335,FS,18/02/2020,1,FaceB,N,SUMP,0,NA
1335_2,1335,FS,18/02/2020,2,FaceB,N,SUMP,0,NA
1338_1,1338,FS,18/02/2020,1,FaceA,N,SUMP,1,0
1338_2,1338,FS,18/02/2020,2,FaceA,N,SUMP,1,0
1338_3,1338,FS,18/02/2020,3,FaceA,N,SUMP,0,NA
1340_1,1340,FS,17/02/2020,1,FaceB,N,SUMP,0,NA
1340_2,1340,FS,17/02/2020,2,FaceB,N,SUMP,0,NA
1340_3,1340,FS,17/02/2020,3,FaceB,N,SUMP,0,NA
1343_1,1343,FS,18/02/2020,1,FaceB,N,SUMP,1,0
1343_2,1343,FS,18/02/2020,2,FaceB,N,SUMP,0,NA
1343_3,1343,FS,18/02/2020,3,FaceB,N,SUMP,0,NA
1343_4,1343,FS,18/02/2020,4,FaceB,N,SUMP,0,NA
1344_1,1344,FS,19/02/2020,1,FaceA,N,CBS,1,0
1344_2,1344,FS,19/02/2020,2,FaceA,N,CBS,1,0
1344_3,1344,FS,19/02/2020,3,FaceA,N,CBS,1,0
1344_4,1344,FS,19/02/2020,4,FaceA,N,CBS,0,NA
1346_1,1346,FS,17/02/2020,1,FaceB,N,SUMP,0,NA
1348_1,1348,FS,18/02/2020,1,FaceA,N,SUMP,0,NA
1355_1,1355,FS,18/02/2020,1,FaceB,N,SUMP,1,0
1355_2,1355,FS,18/02/2020,2,FaceB,N,SUMP,0,NA
1355_3,1355,FS,18/02/2020,3,FaceB,N,SUMP,0,NA
1355_4,1355,FS,18/02/2020,4,FaceB,N,SUMP,0,NA
1355_5,1355,FS,18/02/2020,5,FaceB,N,SUMP,0,NA
1362_1,1362,FS,18/02/2020,1,FaceA,N,SUMP,1,0
1363_1,1363,FS,18/02/2020,1,FaceB,N,SUMP,0,NA
1364_1,1364,FS,17/02/2020,1,FaceA,N,SUMP,0,NA
1365_1,1365,FS,19/02/2020,1,FaceB,N,SUMP,1,0
1365_2,1365,FS,19/02/2020,2,FaceB,N,SUMP,0,NA
1366_1,1366,FS,18/01/2020,1,FaceB,N,SUMP,1,0
1367_1,1367,FS,18/02/2020,1,FaceB,N,SUMP,1,N
1367_2,1367,FS,18/02/2020,2,FaceB,N,SUMP,1,N
1367_3,1367,FS,18/02/2020,3,FaceB,N,SUMP,1,N
1368_1,1368,FS,19/02/2020,1,FaceB,N,SUMP,0,NA
1368_2,1368,FS,19/02/2020,2,FaceB,N,SUMP,0,NA
1369_1,1369,FS,17/02/2020,1,FaceA,N,SUMP,1,0
1369_2,1369,FS,17/02/2020,2,FaceB,N,SUMP,0,NA
1371_1,1371,FS,18/02/2020,1,FaceB,N,SUMP,1,0
1372_1,1372,FS,20/02/2020,1,FaceA,N,CBS,1,1
1373_1,1373,FS,18/02/2020,1,FaceA,N,SUMP,0,NA
1373_2,1373,FS,18/02/2020,2,FaceB,N,SUMP,0,NA
1380_1,1380,FS,19/02/2020,1,FaceB,N,SUMP,0,NA
1380_2,1380,FS,19/02/2020,2,FaceB,N,SUMP,0,NA
1381_1,1381,FS,20/02/2020,1,FaceA,N,CBS,0,NA
1381_2,1381,FS,20/02/2020,2,FaceA,N,CBS,0,NA
1381_3,1381,FS,20/02/2020,3,FaceB,N,CBS,0,NA
1383_1,1383,FS,18/02/2020,1,FaceB,N,SUMP,1,0
1384_1,1384,FS,18/02/2020,1,FaceA,N,SUMP,1,0
1384_1,1384,FS,20/02/2020,1,FaceB,N,SUMP,1,0
1384_2,1384,FS,20/02/2020,2,FaceB,N,SUMP,0,NA
1384_3,1384,FS,20/02/2020,3,FaceB,N,SUMP,0,NA
1384_4,1384,FS,20/02/2020,4,FaceB,N,SUMP,0,NA
1384_5,1384,FS,20/02/2020,5,FaceB,N,SUMP,0,NA
1384_6,1384,FS,20/02/2020,6,FaceB,N,SUMP,0,NA
1384_7,1384,FS,20/02/2020,7,FaceB,N,SUMP,0,NA
1389_1,1389,FS,19/02/2020,1,FaceB,N,SUMP,1,0
1390_1,1390,FS,18/02/2020,1,FaceA,N,SUMP,0,NA
1392_1,1392,FS,18/02/2020,1,FaceA,N,SUMP,0,NA
1392_2,1392,FS,18/02/2020,2,FaceB,N,SUMP,0,NA
1392_3,1392,FS,18/02/2020,3,FaceB,N,SUMP,0,NA
1392_4,1392,FS,18/02/2020,4,FaceB,N,SUMP,0,NA
1396_1,1396,FS,18/02/2020,1,FaceA,N,SUMP,0,NA
1396_2,1396,FS,18/02/2020,2,FaceA,N,SUMP,0,NA
1395_1,1395,FS,19/02/2020,1,FaceA,N,SUMP,0,NA
1395_2,1395,FS,19/02/2020,2,FaceA,N,SUMP,1,0
1395_3,1395,FS,19/02/2020,3,FaceA,N,SUMP,1,0
1395_4,1395,FS,19/02/2020,4,FaceA,N,SUMP,0,NA
1395_5,1395,FS,19/02/2020,5,FaceB,N,SUMP,0,NA
1395_6,1395,FS,19/02/2020,6,FaceB,N,SUMP,0,NA
1395_7,1395,FS,19/02/2020,7,FaceB,N,SUMP,0,NA
1395_8,1395,FS,19/02/2020,8,FaceB,N,SUMP,0,NA
1395_9,1395,FS,19/02/2020,9,FaceB,N,SUMP,0,NA
1395_10,1395,FS,19/02/2020,10,FaceB,N,SUMP,0,NA
1395_11,1395,FS,19/02/2020,11,FaceB,N,SUMP,0,NA
1399_1,1399,FS,19/02/2020,1,FaceA,N,SUMP,0,NA
3301_1,3301,FS,5/03/2020,1,FaceA,Y,SUMP,0,NA
3302_1,3302,FS,5/03/2020,1,FaceA,N,SUMP,1,0
3302_2,3302,FS,5/03/2020,2,FaceA,N,SUMP,1,0
3302_3,3302,FS,5/03/2020,3,FaceA,N,SUMP,1,0
3302_4,3302,FS,5/03/2020,4,FaceA,N,SUMP,0,NA
3303_1,3303,FS,5/03/2020,1,FaceA,N,SUMP,0,NA
3304_1,3304,FS,5/03/2020,1,FaceA,N,SUMP,0,NA
3304_2,3304,FS,5/03/2020,2,FaceB,N,SUMP,0,NA
3304_3,3304,FS,5/03/2020,3,FaceB,N,SUMP,0,NA
3304_4,3304,FS,5/03/2020,4,FaceB,N,SUMP,0,NA
3304_5,3304,FS,5/03/2020,5,FaceB,N,SUMP,0,NA
3304_6,3304,FS,5/03/2020,6,FaceB,N,SUMP,0,NA
3306_1,3306,FS,5/03/2020,1,FaceA,N,SUMP,0,NA
3306_2,3306,FS,5/03/2020,2,FaceA,N,SUMP,0,NA
3306_3,3306,FS,5/03/2020,3,FaceA,N,SUMP,0,NA
3306_4,3306,FS,5/03/2020,4,FaceA,N,SUMP,0,NA
3308_1,3308,FS,5/03/2020,1,FaceA,N,SUMP,0,NA
3308_2,3308,FS,5/03/2020,2,FaceA,N,SUMP,0,NA
3308_3,3308,FS,5/03/2020,3,FaceB,N,SUMP,0,NA
1401_1,1401,SF,23/01/2020,1,FaceA,N,SUMP,1,0
1401_2,1401,SF,23/01/2020,2,FaceA,N,SUMP,0,NA
1402_1,1402,SF,24/01/2020,1,FaceA,N,SUMP,0,NA
1402_2,1402,SF,24/01/2020,2,FaceA,N,SUMP,0,NA
1402_3,1402,SF,24/01/2020,3,FaceA,N,SUMP,0,NA
1402_4,1402,SF,24/01/2020,4,FaceA,N,SUMP,0,NA
1402_5,1402,SF,24/01/2020,5,FaceA,N,SUMP,0,NA
1402_6,1402,SF,24/01/2020,6,FaceA,N,SUMP,0,NA
1402_7,1402,SF,24/01/2020,7,FaceA,N,SUMP,0,NA
1403_1,1403,SF,5/02/2020,1,FaceB,N,MOS9,0,NA
1403_2,1403,SF,5/02/2020,2,FaceB,N,MOS9,0,NA
1403_3,1403,SF,5/02/2020,3,FaceB,N,MOS9,0,NA
1403_4,1403,SF,5/02/2020,4,FaceB,N,MOS9,0,NA
1404_1,1404,SF,22/01/2020,1,FaceB,N,SUMP,0,NA
1404_2,1404,SF,22/01/2020,2,FaceB,N,SUMP,0,NA
1404_3,1404,SF,22/01/2020,3,FaceB,N,SUMP,0,NA
1404_4,1404,SF,22/01/2020,4,FaceB,N,SUMP,0,NA
1404_5,1404,SF,22/01/2020,5,FaceB,N,SUMP,0,NA
1404_6,1404,SF,22/01/2020,6,Side2,N,SUMP,0,NA
1405_1,1405,SF,NA,1,FaceB,N,SUMP,0,NA
1407_1,1407,SF,24/01/2020,1,FaceB,N,SUMP,0,NA
1407_2,1407,SF,24/01/2020,2,FaceB,N,SUMP,0,NA
1407_3,1407,SF,24/01/2020,3,FaceB,N,SUMP,0,NA
1407_4,1407,SF,24/01/2020,4,FaceB,N,SUMP,0,NA
1408_1,1408,SF,6/02/2020,1,FaceB,N,MOS9,0,NA
1408_2,1408,SF,6/02/2020,2,FaceB,N,MOS9,0,NA
1409_1,1409,SF,31/01/2020,1,FaceA,N,CBS,0,NA
1410_1,1410,SF,5/02/2020,1,FaceB,N,MOS9,0,NA
1411_1,1411,SF,6/02/2020,1,FaceA,N,MOS9,0,NA
1411_2,1411,SF,6/02/2020,2,FaceA,N,MOS9,0,NA
1411_3,1411,SF,6/02/2020,3,FaceA,N,MOS9,0,NA
1411_4,1411,SF,6/02/2020,4,FaceA,N,MOS9,0,NA
1411_5,1411,SF,6/02/2020,5,FaceA,N,MOS9,0,NA
1411_6,1411,SF,6/02/2020,6,FaceB,N,MOS9,0,NA
1411_7,1411,SF,6/02/2020,7,FaceB,N,MOS9,0,NA
1412_1,1412,SF,31/01/2020,1,FaceB,N,CBS,0,NA
1412_2,1412,SF,31/01/2020,2,FaceB,N,CBS,0,NA
1413_1,1413,SF,24/01/2020,1,FaceB,N,SUMP,0,NA
1417_1,1417,SF,3/02/2020,1,FaceB,N,CBS,0,NA
1417_2,1417,SF,3/02/2020,2,FaceB,N,CBS,0,NA
1418_1,1418,SF,31/01/2020,1,FaceA,N,CBS,0,NA
1418_2,1418,SF,31/01/2020,2,FaceA,N,CBS,0,NA
1419_1,1419,SF,3/02/2020,1,FaceB,N,CBS,1,0
1423_1,1423,SF,6/02/2020,1,FaceA,N,MOS9,0,NA
1423_2,1423,SF,6/02/2020,2,FaceB,N,MOS9,0,NA
1423_3,1423,SF,6/02/2020,3,FaceB,N,MOS9,0,NA
1423_4,1423,SF,6/02/2020,4,FaceB,N,MOS9,0,NA
1423_5,1423,SF,6/02/2020,5,FaceB,N,MOS9,0,NA
1423_6,1423,SF,6/02/2020,6,FaceB,N,MOS9,0,NA
1423_7,1423,SF,6/02/2020,7,FaceB,N,MOS9,0,NA
1426_1,1426,SF,6/02/2020,1,FaceA,N,MOS9,0,NA
1426_2,1426,SF,6/02/2020,2,FaceA,N,MOS9,0,NA
1426_3,1426,SF,6/02/2020,3,FaceA,N,MOS9,0,NA
1426_4,1426,SF,6/02/2020,4,FaceA,N,MOS9,0,NA
1428_1,1428,SF,6/02/2020,1,FaceB,N,MOS9,1,0
1428_2,1428,SF,6/02/2020,2,FaceB,N,MOS9,0,NA
1428_3,1428,SF,6/02/2020,3,FaceB,N,MOS9,0,NA
1429_1,1429,SF,6/02/2020,1,FaceB,N,MOS9,0,NA
1429_2,1429,SF,6/02/2020,2,FaceB,N,MOS9,0,NA
1429_3,1429,SF,6/02/2020,3,FaceB,N,MOS9,0,NA
1429_4,1429,SF,6/02/2020,4,FaceB,N,MOS9,0,NA
1429_5,1429,SF,6/02/2020,5,FaceB,N,MOS9,0,NA
1429_6,1429,SF,6/02/2020,6,FaceB,N,MOS9,0,NA
1432_1,1432,SF,5/02/2020,1,FaceA,N,MOS9,0,NA
1432_2,1432,SF,5/02/2020,2,FaceB,N,MOS9,0,NA
1432_3,1432,SF,5/02/2020,3,FaceB,N,MOS9,0,NA
1432_4,1432,SF,5/02/2020,4,FaceB,N,MOS9,0,NA
1432_5,1432,SF,5/02/2020,5,FaceB,N,MOS9,0,NA
1432_6,1432,SF,5/02/2020,6,FaceB,N,MOS9,0,NA
1433_1,1433,SF,10/02/2020,1,FaceB,N,CBS,0,NA
1433_2,1433,SF,10/02/2020,2,FaceB,N,CBS,0,NA
1445_1,1445,SF,17/02/2020,1,FaceB,N,SUMP,1,0
1445_2,1445,SF,17/02/2020,2,FaceB,N,SUMP,1,0
1445_3,1445,SF,17/02/2020,3,FaceB,N,SUMP,1,0
1445_4,1445,SF,17/02/2020,4,FaceB,N,SUMP,0,NA
1452_1,1452,SF,17/02/2020,1,FaceB,N,SUMP,0,NA
1452_2,1452,SF,17/02/2020,2,FaceB,N,SUMP,0,NA
1452_3,1452,SF,17/02/2020,3,FaceB,N,SUMP,0,NA
1452_4,1452,SF,17/02/2020,4,FaceB,N,SUMP,0,NA
1453_1,1453,SF,12/02/2020,1,FaceA,N,SUMP,0,NA
1454_1,1454,SF,11/02/2020,1,FaceA,N,CBS,0,NA
1456_1,1456,SF,17/02/2020,1,FaceB,N,SUMP,0,NA
1456_2,1456,SF,17/02/2020,2,FaceB,N,SUMP,0,NA
1456_3,1456,SF,17/02/2020,3,FaceB,N,SUMP,0,NA
1457_1,1457,SF,17/02/2020,1,FaceB,N,SUMP,0,NA
1457_2,1457,SF,17/02/2020,2,FaceB,N,SUMP,0,NA
1457_3,1457,SF,17/02/2020,3,FaceB,N,SUMP,0,NA
1457_4,1457,SF,17/02/2020,4,FaceB,N,SUMP,0,NA
1457_5,1457,SF,17/02/2020,5,FaceB,N,SUMP,0,NA
1458_1,1458,SF,17/02/2020,1,FaceB,N,SUMP,0,NA
1458_2,1458,SF,17/02/2020,2,FaceB,N,SUMP,0,NA
1458_3,1458,SF,17/02/2020,3,FaceB,N,SUMP,0,NA
1458_4,1458,SF,17/02/2020,4,FaceB,N,SUMP,0,NA
1458_5,1458,SF,17/02/2020,5,FaceB,N,SUMP,0,NA
1461_1,1461,SF,12/02/2020,1,FaceB,N,SUMP,1,0
1463_1,1463,SF,10/02/2020,1,FaceB,N,CBS,1,0
1463_2,1463,SF,10/02/2020,2,FaceB,N,CBS,0,NA
1463_3,1463,SF,10/02/2020,3,FaceB,N,CBS,0,NA
1467_1,1467,SF,10/02/2020,1,FaceB,N,CBS,0,NA
1467_2,1467,SF,10/02/2020,2,FaceB,N,CBS,0,NA
1467_3,1467,SF,10/02/2020,3,FaceB,N,CBS,0,NA
1473_1,1473,SF,12/02/2020,1,FaceB,N,SUMP,1,0
1473_2,1473,SF,12/02/2020,2,FaceB,N,SUMP,1,0
1473_3,1473,SF,12/02/2020,3,FaceB,N,SUMP,0,NA
1473_4,1473,SF,12/02/2020,4,FaceB,N,SUMP,0,NA
1473_5,1473,SF,12/02/2020,5,FaceB,N,SUMP,0,NA
1478_1,1478,SF,17/02/2020,1,FaceB,N,SUMP,1,0
1478_2,1478,SF,17/02/2020,2,FaceB,N,SUMP,1,0
1478_3,1478,SF,17/02/2020,3,FaceB,N,SUMP,1,0
1478_4,1478,SF,17/02/2020,4,FaceB,N,SUMP,1,0
1478_5,1478,SF,17/02/2020,5,FaceB,N,SUMP,1,0
1478_6,1478,SF,17/02/2020,6,FaceB,N,SUMP,0,NA
1478_7,1478,SF,17/02/2020,7,FaceB,N,SUMP,0,NA
1478_8,1478,SF,17/02/2020,8,FaceB,N,SUMP,0,NA
1478_9,1478,SF,17/02/2020,9,FaceB,N,SUMP,0,NA
1478_10,1478,SF,17/02/2020,10,FaceB,N,SUMP,0,NA
1478_11,1478,SF,17/02/2020,11,FaceB,N,SUMP,0,NA
1478_12,1478,SF,17/02/2020,12,FaceB,N,SUMP,0,NA
1478_13,1478,SF,17/02/2020,13,FaceB,N,SUMP,0,NA
1478_14,1478,SF,17/02/2020,14,FaceB,N,SUMP,0,NA
1478_15,1478,SF,17/02/2020,15,FaceB,N,SUMP,0,NA
1478_16,1478,SF,17/02/2020,16,FaceB,N,SUMP,0,NA
1478_17,1478,SF,17/02/2020,17,FaceB,N,SUMP,0,NA
1478_18,1478,SF,17/02/2020,18,FaceB,N,SUMP,0,NA
1478_19,1478,SF,17/02/2020,19,FaceB,N,SUMP,0,NA
1478_20,1478,SF,17/02/2020,20,FaceB,N,SUMP,0,NA
1478_21,1478,SF,17/02/2020,21,FaceB,N,SUMP,0,NA
1478_22,1478,SF,17/02/2020,22,FaceB,N,SUMP,0,NA
1479_1,1479,SF,17/02/2020,1,FaceA,N,SUMP,1,0
1479_2,1479,SF,17/02/2020,2,FaceA,N,SUMP,1,0
1479_3,1479,SF,17/02/2020,3,FaceA,N,SUMP,0,NA
1479_4,1479,SF,17/02/2020,4,FaceA,N,SUMP,0,NA
1479_5,1479,SF,17/02/2020,5,FaceA,N,SUMP,0,NA
1479_6,1479,SF,17/02/2020,6,FaceA,N,SUMP,0,NA
1481_1,1481,SF,12/02/2020,1,FaceB,N,SUMP,1,0
1481_2,1481,SF,12/02/2020,2,FaceB,N,SUMP,1,0
1481_3,1481,SF,12/02/2020,3,FaceB,N,SUMP,0,NA
1481_4,1481,SF,12/02/2020,4,FaceB,N,SUMP,0,NA
1481_5,1481,SF,12/02/2020,5,FaceB,N,SUMP,0,NA
1487_1,1487,SF,18/02/2020,1,FaceB,N,SUMP,1,0
1493_1,1493,SF,17/02/2020,1,FaceB,N,SUMP,0,NA
1497_1,1497,SF,12/02/2020,1,FaceB,N,SUMP,1,0
1502_1,1502,SF,30/01/2020,1,FaceB,N,SUMP,0,NA
1503_1,1503,SF,30/01/2020,1,FaceA,N,SUMP,0,NA
1506_1,1506,SF,30/01/2020,1,FaceA,N,SUMP,0,NA
1507_1,1507,SF,30/01/2020,1,FaceB,N,SUMP,1,N
1507_2,1507,SF,30/01/2020,2,FaceB,N,SUMP,0,NA
1507_3,1507,SF,30/01/2020,3,FaceB,N,SUMP,0,NA
1508_1,1508,SF,3/03/2020,1,FaceB,N,CBS,0,NA
1518_1,1518,SF,18/02/2020,1,FaceA,N,SUMP,0,NA
1538_1,1538,SF,12/02/2020,1,FaceB,N,CBS,0,NA
1538_2,1538,SF,12/02/2020,2,FaceB,N,CBS,0,NA
1543_1,1543,SF,17/02/2020,1,FaceA,N,SUMP,0,NA
1551_1,1551,SF,17/02/2020,1,FaceB,N,SUMP,0,NA
1551_2,1551,SF,17/02/2020,2,FaceB,N,SUMP,0,NA
1569_1,1569,SF,17/02/2020,1,FaceB,N,SUMP,0,NA
1601_1,1601,SS,7/02/2020,1,FaceA,N,CBS,0,NA
1601_2,1601,SS,7/02/2020,2,FaceA,N,CBS,0,NA
1602_1,1602,SS,30/01/2020,1,FaceB,N,SUMP,0,NA
1604_1,1604,SS,7/02/2020,1,FaceA,N,CBS,1,0
1604_2,1604,SS,7/02/2020,2,FaceA,N,CBS,1,0
1604_3,1604,SS,7/02/2020,3,FaceB,N,CBS,0,NA
1606_1,1606,SS,31/01/2020,1,FaceA,N,CBS,0,NA
1606_2,1606,SS,31/01/2020,2,FaceB,N,CBS,0,NA
1606_3,1606,SS,31/01/2020,3,FaceB,N,CBS,0,NA
1606_4,1606,SS,31/01/2020,4,FaceB,N,CBS,0,NA
1606_5,1606,SS,31/01/2020,5,FaceB,N,CBS,0,NA
1606_6,1606,SS,31/01/2020,6,FaceB,N,CBS,0,NA
1607_1,1607,SS,5/02/2020,1,FaceA,N,MOS9,0,NA
1607_2,1607,SS,5/02/2020,2,FaceA,N,MOS9,0,NA
1607_3,1607,SS,5/02/2020,3,FaceA,N,MOS9,0,NA
1607_4,1607,SS,5/02/2020,4,FaceA,N,MOS9,0,NA
1607_5,1607,SS,5/02/2020,5,FaceA,N,MOS9,0,NA
1607_6,1607,SS,5/02/2020,6,FaceA,N,MOS9,0,NA
1607_7,1607,SS,5/02/2020,7,FaceA,N,MOS9,0,NA
1608_1,1608,SS,7/02/2020,1,FaceA,N,MOS9,0,NA
1608_2,1608,SS,7/02/2020,2,FaceA,N,MOS9,0,NA
1608_3,1608,SS,7/02/2020,3,FaceA,N,MOS9,0,NA
1608_4,1608,SS,7/02/2020,4,FaceA,N,MOS9,0,NA
1608_5,1608,SS,7/02/2020,5,FaceA,N,MOS9,0,NA
1608_6,1608,SS,7/02/2020,6,FaceA,N,MOS9,0,NA
1610_1,1610,SS,7/02/2020,1,FaceA,N,MOS9,0,NA
1610_2,1610,SS,7/02/2020,2,FaceA,N,MOS9,0,NA
1610_3,1610,SS,7/02/2020,3,FaceA,N,MOS9,0,NA
1610_4,1610,SS,7/02/2020,4,FaceA,N,MOS9,0,NA
1610_5,1610,SS,7/02/2020,5,FaceA,N,MOS9,0,NA
1610_6,1610,SS,7/02/2020,6,FaceA,N,MOS9,0,NA
1610_7,1610,SS,7/02/2020,7,FaceA,N,MOS9,0,NA
1611_1,1611,SS,31/01/2020,1,FaceB,N,CBS,0,NA
1613_1,1613,SS,7/02/2020,1,FaceB,N,MOS9,0,NA
1613_2,1613,SS,7/02/2020,2,FaceB,N,MOS9,0,NA
1613_3,1613,SS,7/02/2020,3,FaceB,N,MOS9,0,NA
1613_4,1613,SS,7/02/2020,4,FaceB,N,MOS9,0,NA
1613_5,1613,SS,7/02/2020,5,FaceB,N,MOS9,0,NA
1613_6,1613,SS,7/02/2020,6,FaceB,N,MOS9,0,NA
1613_7,1613,SS,7/02/2020,7,FaceB,N,MOS9,0,NA
1613_8,1613,SS,7/02/2020,8,FaceB,N,MOS9,0,NA
1613_9,1613,SS,7/02/2020,9,FaceB,N,MOS9,0,NA
1614_1,1614,SS,31/01/2020,1,FaceA,N,CBS,1,0
1614_2,1614,SS,31/01/2020,2,FaceA,N,CBS,1,0
1614_3,1614,SS,31/01/2020,3,FaceA,N,CBS,1,0
1614_4,1614,SS,31/01/2020,4,FaceA,N,CBS,1,0
1614_5,1614,SS,31/01/2020,5,FaceA,N,CBS,1,0
1614_6,1614,SS,31/01/2020,6,FaceA,N,CBS,0,NA
1614_7,1614,SS,31/01/2020,7,FaceA,N,CBS,0,NA
1614_8,1614,SS,31/01/2020,8,FaceA,N,CBS,0,NA
1614_9,1614,SS,31/01/2020,9,FaceA,N,CBS,0,NA
1614_10,1614,SS,31/01/2020,10,FaceA,N,CBS,0,NA
1614_11,1614,SS,31/01/2020,11,FaceA,N,CBS,0,NA
1614_12,1614,SS,31/01/2020,12,FaceA,N,CBS,0,NA
1614_13,1614,SS,31/01/2020,13,FaceA,N,CBS,0,NA
1614_14,1614,SS,31/01/2020,14,FaceA,N,CBS,0,NA
1614_15,1614,SS,31/01/2020,15,FaceA,N,CBS,0,NA
1614_16,1614,SS,31/01/2020,16,FaceA,N,CBS,0,NA
1614_17,1614,SS,31/01/2020,17,FaceA,N,CBS,0,NA
1614_18,1614,SS,31/01/2020,18,FaceA,N,CBS,0,NA
1614_19,1614,SS,31/01/2020,19,FaceA,N,CBS,0,NA
1614_20,1614,SS,31/01/2020,20,FaceA,N,CBS,0,NA
1614_21,1614,SS,31/01/2020,21,FaceA,N,CBS,0,NA
1614_22,1614,SS,31/01/2020,22,FaceA,N,CBS,0,NA
1614_23,1614,SS,31/01/2020,23,FaceA,N,CBS,0,NA
1614_24,1614,SS,31/01/2020,24,FaceA,N,CBS,0,NA
1614_25,1614,SS,31/01/2020,25,FaceA,N,CBS,0,NA
1614_26,1614,SS,31/01/2020,26,FaceA,N,CBS,0,NA
1615_1,1615,SS,31/01/2020,1,FaceB,N,CBS,1,0
1616_1,1616,SS,31/01/2020,1,FaceA,N,CBS,1,0
1616_2,1616,SS,31/01/2020,2,FaceA,N,CBS,1,0
1616_3,1616,SS,31/01/2020,3,FaceA,N,CBS,0,NA
1616_4,1616,SS,31/01/2020,4,FaceA,N,CBS,0,NA
1616_5,1616,SS,31/01/2020,5,FaceA,N,CBS,0,NA
1616_6,1616,SS,31/01/2020,6,FaceA,N,CBS,0,NA
1616_7,1616,SS,31/01/2020,7,FaceA,N,CBS,0,NA
1618_1,1618,SS,7/02/2020,1,FaceA,N,CBS,0,NA
1618_2,1618,SS,7/02/2020,2,FaceA,N,CBS,0,NA
1618_3,1618,SS,7/02/2020,3,FaceA,N,CBS,0,NA
1618_4,1618,SS,7/02/2020,4,FaceA,N,CBS,0,NA
1618_5,1618,SS,7/02/2020,5,FaceA,N,CBS,0,NA
1618_6,1618,SS,7/02/2020,6,FaceB,N,CBS,0,NA
1619_1,1619,SS,3/02/2020,1,FaceB,N,CBS,0,NA
1619_2,1619,SS,3/02/2020,2,FaceB,N,CBS,0,NA
1619_3,1619,SS,3/02/2020,3,FaceB,N,CBS,0,NA
1619_4,1619,SS,3/02/2020,4,FaceB,N,CBS,0,NA
1619_5,1619,SS,3/02/2020,5,FaceB,N,CBS,0,NA
1620_1,1620,SS,7/02/2020,1,FaceB,N,CBS,0,NA
1620_2,1620,SS,7/02/2020,2,FaceB,N,CBS,0,NA
1620_3,1620,SS,7/02/2020,3,FaceB,N,CBS,0,NA
1620_4,1620,SS,7/02/2020,4,FaceB,N,CBS,0,NA
1620_5,1620,SS,7/02/2020,5,FaceB,N,CBS,0,NA
1620_6,1620,SS,7/02/2020,6,FaceB,N,CBS,0,NA
1620_7,1620,SS,7/02/2020,7,FaceB,N,CBS,0,NA
1620_8,1620,SS,7/02/2020,8,FaceB,N,CBS,0,NA
1620_9,1620,SS,7/02/2020,9,FaceB,N,CBS,0,NA
1620_10,1620,SS,7/02/2020,10,FaceB,N,CBS,0,NA
1620_11,1620,SS,7/02/2020,11,FaceB,N,CBS,0,NA
1620_12,1620,SS,7/02/2020,12,FaceB,N,CBS,0,NA
1620_13,1620,SS,7/02/2020,13,FaceB,N,CBS,0,NA
1620_14,1620,SS,7/02/2020,14,FaceB,N,CBS,0,NA
1620_15,1620,SS,7/02/2020,15,FaceB,N,CBS,0,NA
1620_16,1620,SS,7/02/2020,16,FaceB,N,CBS,0,NA
1620_17,1620,SS,7/02/2020,17,FaceB,N,CBS,0,NA
1620_18,1620,SS,7/02/2020,18,FaceB,N,CBS,0,NA
1620_19,1620,SS,7/02/2020,19,FaceB,N,CBS,0,NA
1620_20,1620,SS,7/02/2020,20,FaceB,N,CBS,0,NA
1620_21,1620,SS,7/02/2020,21,FaceB,N,CBS,0,NA
1620_22,1620,SS,7/02/2020,22,FaceB,N,CBS,0,NA
1620_23,1620,SS,7/02/2020,23,FaceB,N,CBS,0,NA
1620_24,1620,SS,7/02/2020,24,FaceB,N,CBS,0,NA
1620_25,1620,SS,7/02/2020,25,FaceB,N,CBS,0,NA
1622_1,1622,SS,19/02/2020,1,FaceB,N,CBS,0,NA
1624_1,1624,SS,19/02/2020,1,FaceA,N,CBS,1,0
1624_2,1624,SS,19/02/2020,2,FaceA,N,CBS,0,NA
1624_3,1624,SS,19/02/2020,3,FaceA,N,CBS,0,NA
1624_4,1624,SS,19/02/2020,4,FaceA,N,CBS,0,NA
1624_5,1624,SS,19/02/2020,5,FaceA,N,CBS,0,NA
1626_1,1626,SS,19/02/2020,1,FaceB,N,CBS,0,NA
1631_1,1631,SS,20/02/2020,1,FaceA,N,CBS,0,NA
1631_2,1631,SS,20/02/2020,2,FaceA,N,CBS,0,NA
1638_1,1638,SS,20/02/2020,1,FaceA,N,CBS,0,NA
1639_1,1639,SS,20/02/2020,1,FaceB,N,CBS,0,NA
1639_2,1639,SS,20/02/2020,2,FaceB,N,CBS,0,NA
1639_3,1639,SS,20/02/2020,3,FaceB,N,CBS,0,NA
1639_4,1639,SS,20/02/2020,4,FaceB,N,CBS,0,NA
1639_5,1639,SS,20/02/2020,5,FaceB,N,CBS,0,NA
1639_6,1639,SS,20/02/2020,6,FaceB,N,CBS,0,NA
1642_1,1642,SS,20/02/2020,1,FaceB,N,CBS,1,0
1644_1,1644,SS,27/02/2020,1,FaceA,N,CBS,1,0
1644_2,1644,SS,27/02/2020,2,FaceA,N,CBS,1,0
1645_1,1645,SS,20/02/2020,1,FaceA,N,CBS,0,NA
1645_1,1645,SS,20/02/2020,1,FaceB,N,CBS,0,NA
1645_2,1645,SS,20/02/2020,2,FaceB,N,CBS,0,NA
1645_3,1645,SS,20/02/2020,3,FaceB,N,CBS,0,NA
1645_4,1645,SS,20/02/2020,4,FaceB,N,CBS,0,NA
1645_5,1645,SS,20/02/2020,5,FaceB,N,CBS,0,NA
1645_6,1645,SS,20/02/2020,6,FaceB,N,CBS,0,NA
1634_1,1634,SS,27/02/2020,1,FaceA,N,CBS,0,NA
1647_1,1647,SS,27/02/2020,1,FaceB,N,CBS,0,NA
1640_1,1640,SS,27/02/2020,1,FaceB,N,CBS,1,0
1687_1,1687,SS,27/02/2020,1,FaceA,N,CBS,0,NA
1648_1,1648,SS,20/02/2020,1,FaceA,N,CBS,0,NA
1648_2,1648,SS,20/02/2020,2,FaceA,N,CBS,0,NA
1649_1,1649,SS,20/02/2020,1,FaceA,N,CBS,1,0
1649_2,1649,SS,20/02/2020,2,FaceA,N,CBS,1,0
1649_3,1649,SS,20/02/2020,3,FaceA,N,CBS,1,0
1649_4,1649,SS,20/02/2020,4,FaceA,N,CBS,0,NA
1651_1,1651,SS,19/02/2020,1,FaceB,N,CBS,1,0
1652_1,1652,SS,27/02/2020,1,FaceA,N,CBS,0,NA
1656_1,1656,SS,19/02/2020,1,FaceA,N,CBS,1,0
1656_2,1656,SS,19/02/2020,2,FaceB,N,CBS,1,0
1656_3,1656,SS,19/02/2020,3,FaceB,N,CBS,1,0
1656_4,1656,SS,19/02/2020,4,FaceB,N,CBS,0,NA
1656_5,1656,SS,19/02/2020,5,FaceB,N,CBS,0,NA
1664_1,1664,SS,19/02/2020,1,FaceA,N,CBS,1,0
1664_2,1664,SS,19/02/2020,2,FaceA,N,CBS,1,0
1664_3,1664,SS,19/02/2020,3,FaceA,N,CBS,1,0
1676_1,1676,SS,27/02/2020,1,FaceB,N,CBS,1,0
1676_2,1676,SS,27/02/2020,2,FaceB,N,CBS,1,0
1676_3,1676,SS,27/02/2020,3,FaceB,N,CBS,1,0
1676_4,1676,SS,27/02/2020,4,FaceB,N,CBS,1,0
1676_5,1676,SS,27/02/2020,5,FaceB,N,CBS,1,0
1676_6,1676,SS,27/02/2020,6,FaceB,N,CBS,0,NA
1676_7,1676,SS,27/02/2020,7,FaceB,N,CBS,0,NA
1676_8,1676,SS,27/02/2020,8,FaceB,N,CBS,0,NA
1676_9,1676,SS,27/02/2020,9,FaceB,N,CBS,0,NA
1676_10,1676,SS,27/02/2020,10,FaceB,N,CBS,0,NA
1676_11,1676,SS,27/02/2020,11,FaceB,N,CBS,0,NA
1676_12,1676,SS,27/02/2020,12,FaceB,N,CBS,0,NA
1676_13,1676,SS,27/02/2020,13,FaceB,N,CBS,0,NA
1681_1,1681,SS,19/02/2020,1,FaceA,N,CBS,1,0
1681_2,1681,SS,19/02/2020,2,FaceA,N,CBS,1,0
1684_1,1684,SS,19/02/2020,1,FaceA,N,CBS,1,0
1684_2,1684,SS,19/02/2020,2,FaceA,N,CBS,1,0
1684_3,1684,SS,19/02/2020,3,FaceA,N,CBS,0,NA
1684_4,1684,SS,19/02/2020,4,FaceA,N,CBS,0,NA
1684_5,1684,SS,19/02/2020,5,FaceA,N,CBS,0,NA
1684_6,1684,SS,19/02/2020,6,FaceA,N,CBS,0,NA
1684_7,1684,SS,19/02/2020,7,FaceA,N,CBS,0,NA
1684_8,1684,SS,19/02/2020,8,FaceA,N,CBS,0,NA
1684_9,1684,SS,19/02/2020,9,FaceA,N,CBS,0,NA
1684_10,1684,SS,19/02/2020,10,FaceA,N,CBS,0,NA
1684_11,1684,SS,19/02/2020,11,FaceA,N,CBS,0,NA
1689_1,1689,SS,19/02/2020,1,FaceB,N,CBS,0,NA
1689_2,1689,SS,19/02/2020,2,FaceB,N,CBS,0,NA
1689_3,1689,SS,19/02/2020,3,FaceB,N,CBS,0,NA
1691_1,1691,SS,19/02/2020,1,FaceB,N,CBS,0,NA
1691_2,1691,SS,19/02/2020,2,FaceB,N,CBS,0,NA
1691_3,1691,SS,19/02/2020,3,FaceB,N,CBS,0,NA
1703_1,1703,SS,29/01/2020,1,FaceB,N,SUMP,0,NA
1703_2,1703,SS,29/01/2020,2,FaceB,N,SUMP,0,NA
1703_3,1703,SS,29/01/2020,3,FaceB,N,SUMP,0,NA
1704_1,1704,SS,30/01/2020,1,FaceA,N,SUMP,0,NA
1704_1,1704,SS,30/01/2020,1,FaceB,Y,SUMP,0,NA
1704_2,1704,SS,30/01/2020,2,FaceB,N,SUMP,0,NA
1704_3,1704,SS,30/01/2020,3,FaceB,Y,SUMP,0,NA
1704_4,1704,SS,30/01/2020,4,FaceB,Y,SUMP,0,NA
1704_5,1704,SS,30/01/2020,5,FaceB,Y,SUMP,0,NA
1704_6,1704,SS,30/01/2020,6,FaceB,N,SUMP,0,NA
1704_7,1704,SS,30/01/2020,7,FaceB,N,SUMP,0,NA
1705_1,1705,SS,3/02/2020,1,FaceB,N,CBS,1,0
1705_2,1705,SS,3/02/2020,2,FaceB,N,CBS,1,0
1705_3,1705,SS,3/02/2020,3,FaceB,N,CBS,1,1
1705_4,1705,SS,3/02/2020,4,FaceB,N,CBS,1,0
1705_5,1705,SS,3/02/2020,5,FaceB,N,CBS,1,0
1705_6,1705,SS,3/02/2020,6,FaceB,N,CBS,1,0
1705_7,1705,SS,3/02/2020,7,FaceB,N,CBS,1,0
1705_8,1705,SS,3/02/2020,8,FaceB,N,CBS,0,NA
1705_9,1705,SS,3/02/2020,9,FaceB,N,CBS,0,NA
1706_1,1706,SS,30/01/2020,1,FaceA,Y,SUMP,0,NA
1706_2,1706,SS,30/01/2020,2,FaceA,Y,SUMP,0,NA
1706_3,1706,SS,30/01/2020,3,FaceB,N,SUMP,0,NA
1706_4,1706,SS,30/01/2020,4,FaceB,N,SUMP,0,NA
1706_5,1706,SS,30/01/2020,5,FaceB,N,SUMP,0,NA
1706_6,1706,SS,30/01/2020,6,FaceB,N,SUMP,0,NA
1706_7,1706,SS,30/01/2020,7,FaceB,N,SUMP,0,NA
1706_8,1706,SS,30/01/2020,8,FaceB,N,SUMP,0,NA
1706_9,1706,SS,30/01/2020,9,FaceB,N,SUMP,0,NA
1706_10,1706,SS,30/01/2020,10,FaceB,N,SUMP,0,NA
1711_1,1711,SS,3/02/2020,1,FaceA,N,CBS,1,0
1711_2,1711,SS,3/02/2020,2,FaceA,N,CBS,1,0
1711_3,1711,SS,3/02/2020,3,FaceA,N,CBS,1,0
1711_4,1711,SS,3/02/2020,4,FaceA,N,CBS,1,0
1711_5,1711,SS,3/02/2020,5,FaceA,N,CBS,1,0
1711_6,1711,SS,3/02/2020,6,FaceA,N,CBS,1,0
1711_7,1711,SS,3/02/2020,7,FaceA,N,CBS,1,0
1715_1,1715,SS,3/02/2020,1,FaceB,N,CBS,1,0
1715_2,1715,SS,3/02/2020,2,FaceB,N,CBS,1,0
1715_3,1715,SS,3/02/2020,3,FaceB,N,CBS,1,1
1715_4,1715,SS,3/02/2020,4,FaceB,N,CBS,1,0
1715_5,1715,SS,3/02/2020,5,FaceB,N,CBS,0,NA
1715_6,1715,SS,3/02/2020,6,FaceB,N,CBS,0,NA
1715_7,1715,SS,3/02/2020,7,FaceB,N,CBS,0,NA
1715_8,1715,SS,3/02/2020,8,FaceB,N,CBS,0,NA
1715_9,1715,SS,3/02/2020,9,FaceB,N,CBS,0,NA
1715_10,1715,SS,3/02/2020,10,FaceB,N,CBS,0,NA
1715_11,1715,SS,3/02/2020,11,FaceB,N,CBS,0,NA
1715_12,1715,SS,3/02/2020,12,FaceB,N,CBS,0,NA
1715_13,1715,SS,3/02/2020,13,FaceB,N,CBS,0,NA
1715_14,1715,SS,3/02/2020,14,FaceB,N,CBS,0,NA
1716_1,1716,SS,5/02/2020,1,FaceA,N,MOS9,1,0
1716_2,1716,SS,5/02/2020,2,FaceA,N,MOS9,1,0
1716_3,1716,SS,5/02/2020,3,FaceA,N,MOS9,0,NA
1716_4,1716,SS,5/02/2020,4,FaceA,N,MOS9,0,NA
1716_5,1716,SS,5/02/2020,5,FaceA,N,MOS9,0,NA
1717_1,1717,SS,5/02/2020,1,FaceA,N,MOS9,1,0
1717_2,1717,SS,5/02/2020,2,FaceA,N,MOS9,1,0
1717_3,1717,SS,5/02/2020,3,FaceA,N,MOS9,1,0
1717_4,1717,SS,5/02/2020,4,FaceA,N,MOS9,0,NA
1717_5,1717,SS,5/02/2020,5,FaceA,N,MOS9,0,NA
1717_6,1717,SS,5/02/2020,6,FaceB,N,MOS9,0,NA
1717_7,1717,SS,5/02/2020,7,FaceB,N,MOS9,0,NA
1717_8,1717,SS,5/02/2020,8,FaceB,N,MOS9,0,NA
1717_9,1717,SS,5/02/2020,9,FaceB,N,MOS9,0,NA
1717_10,1717,SS,5/02/2020,10,FaceB,N,MOS9,0,NA
1718_1,1718,SS,5/02/2020,1,FaceA,N,MOS9,0,NA
1718_2,1718,SS,5/02/2020,2,FaceB,N,MOS9,0,NA
1718_3,1718,SS,5/02/2020,3,FaceB,N,MOS9,0,NA
1722_1,1722,SS,29/01/2020,1,FaceA,N,SUMP,0,NA
1722_2,1722,SS,29/01/2020,2,FaceA,Y,SUMP,0,NA
1722_3,1722,SS,29/01/2020,3,FaceA,N,SUMP,0,NA
1722_4,1722,SS,29/01/2020,4,FaceA,N,SUMP,0,NA
1722_5,1722,SS,29/01/2020,5,FaceB,N,SUMP,0,NA
1724_1,1724,SS,5/02/2020,1,FaceB,N,MOS9,1,0
1724_2,1724,SS,5/02/2020,2,FaceB,N,MOS9,1,0
1724_3,1724,SS,5/02/2020,3,FaceB,N,MOS9,0,NA
1727_1,1727,SS,5/02/2020,1,FaceB,N,MOS9,0,NA
1729_1,1729,SS,29/01/2020,1,FaceA,N,SUMP,0,NA
1729_2,1729,SS,29/01/2020,2,FaceA,N,SUMP,0,NA
1729_3,1729,SS,29/01/2020,3,FaceA,N,SUMP,0,NA
1729_4,1729,SS,29/01/2020,4,FaceA,Y,SUMP,0,NA
1729_5,1729,SS,29/01/2020,5,FaceA,N,SUMP,0,NA
1729_6,1729,SS,29/01/2020,6,FaceA,N,SUMP,0,NA
1729_7,1729,SS,29/01/2020,7,FaceA,N,SUMP,0,NA
1729_8,1729,SS,29/01/2020,8,FaceA,N,SUMP,0,NA
1738_1,1738,SS,19/02/2020,1,FaceB,N,CBS,1,0
1738_2,1738,SS,19/02/2020,2,FaceB,Y,CBS,1,0
1738_3,1738,SS,19/02/2020,3,FaceB,Y,CBS,1,0
1738_4,1738,SS,19/02/2020,4,FaceB,N,CBS,0,NA
1738_5,1738,SS,19/02/2020,5,FaceB,N,CBS,0,NA
1738_6,1738,SS,19/02/2020,6,FaceB,N,CBS,0,NA
1738_7,1738,SS,19/02/2020,7,FaceB,N,CBS,0,NA
1783_1,1783,SS,19/02/2020,1,FaceB,N,CBS,1,0
1783_2,1783,SS,19/02/2020,2,FaceB,N,CBS,1,0
1784_1,1784,SS,19/02/2020,1,FaceA,N,SUMP,1,0
1784_2,1784,SS,19/02/2020,2,FaceB,N,SUMP,1,0
1786_1,1786,SS,19/02/2020,1,FaceA,N,CBS,1,0
1786_2,1786,SS,19/02/2020,2,FaceA,N,CBS,1,0
1786_3,1786,SS,19/02/2020,3,FaceB,N,CBS,1,0
1786_4,1786,SS,19/02/2020,4,FaceB,N,CBS,1,0
1786_5,1786,SS,19/02/2020,5,FaceB,N,CBS,1,0
1786_6,1786,SS,19/02/2020,6,FaceB,N,CBS,0,NA
1786_7,1786,SS,19/02/2020,7,FaceB,N,CBS,0,NA
1786_8,1786,SS,19/02/2020,8,FaceB,N,CBS,0,NA
1786_9,1786,SS,19/02/2020,9,FaceB,N,CBS,0,NA
1795_1,1795,SS,19/02/2020,1,FaceB,N,CBS,0,NA
1796_1,1796,SS,10/09/2020,1,FaceB,N,CBS,0,NA
